timestamp,timezone,location_id,location_name,user_count,status,response
2026-09-04 00:01:26,EEST,1,Hipodroom,1,success,"{"total":1,"location_name":"Hipodroom","location_id":1}"
2026-09-04 00:01:26,EEST,3,T1,9,success,"{"total":9,"location_name":"T1 Shopping Mall","location_id":3}"
2026-09-04 00:01:26,EEST,9,Mustika,6,success,"{"total":6,"location_name":"Mustika","location_id":9}"
2026-09-04 00:01:26,EEST,10,Suur-Paala,1,success,"{"total":1,"location_name":"Suur-Paala","location_id":10}"
2026-09-04 00:03:27,EEST,1,Hipodroom,1,success,"{"total":1,"location_name":"Hipodroom","location_id":1}"
2026-09-04 00:03:27,EEST,3,T1,9,success,"{"total":9,"location_name":"T1 Shopping Mall","location_id":3}"
2026-09-04 00:03:27,EEST,9,Mustika,6,success,"{"total":6,"location_name":"Mustika","location_id":9}"
2026-09-04 00:03:27,EEST,10,Suur-Paala,1,success,"{"total":1,"location_name":"Suur-Paala","location_id":10}"
2026-09-04 00:05:28,EEST,1,Hipodroom,1,success,"{"total":1,"location_name":"Hipodroom","location_id":1}"
2026-09-04 00:05:28,EEST,3,T1,9,success,"{"total":9,"location_name":"T1 Shopping Mall","location_id":3}"
2026-09-04 00:05:28,EEST,9,Mustika,6,success,"{"total":6,"location_name":"Mustika","location_id":9}"
2026-09-04 00:05:28,EEST,10,Suur-Paala,1,success,"{"total":1,"location_name":"Suur-Paala","location_id":10}"
2026-09-04 00:07:28,EEST,1,Hipodroom,1,success,"{"total":1,"location_name":"Hipodroom","location_id":1}"
2026-09-04 00:07:28,EEST,3,T1,9,success,"{"total":9,"location_name":"T1 Shopping Mall","location_id":3}"
2026-09-04 00:07:28,EEST,9,Mustika,6,success,"{"total":6,"location_name":"Mustika","location_id":9}"
2026-09-04 00:07:28,EEST,10,Suur-Paala,1,success,"{"total":1,"location_name":"Suur-Paala","location_id":10}"
2026-09-04 00:09:29,EEST,1,Hipodroom,1,success,"{"total":1,"location_name":"Hipodroom","location_id":1}"
2026-09-04 00:09:29,EEST,3,T1,9,success,"{"total":9,"location_name":"T1 Shopping Mall","location_id":3}"
2026-09-04 00:09:29,EEST,9,Mustika,6,success,"{"total":6,"location_name":"Mustika","location_id":9}"
2026-09-04 00:09:29,EEST,10,Suur-Paala,1,success,"{"total":1,"location_name":"Suur-Paala","location_id":10}"
2026-09-04 00:11:30,EEST,1,Hipodroom,1,success,"{"total":1,"location_name":"Hipodroom","location_id":1}"
2026-09-04 00:11:30,EEST,3,T1,9,success,"{"total":9,"location_name":"T1 Shopping Mall","location_id":3}"
2026-09-04 00:11:30,EEST,9,Mustika,6,success,"{"total":6,"location_name":"Mustika","location_id":9}"
2026-09-04 00:11:30,EEST,10,Suur-Paala,1,success,"{"total":1,"location_name":"Suur-Paala","location_id":10}"
2026-09-04 00:13:30,EEST,1,Hipodroom,1,success,"{"total":1,"location_name":"Hipodroom","location_id":1}"
2026-09-04 00:13:30,EEST,3,T1,9,success,"{"total":9,"location_name":"T1 Shopping Mall","location_id":3}"
2026-09-04 00:13:30,EEST,9,Mustika,6,success,"{"total":6,"location_name":"Mustika","location_id":9}"
2026-09-04 00:13:30,EEST,10,Suur-Paala,1,success,"{"total":1,"location_name":"Suur-Paala","location_id":10}"
2026-09-04 00:15:31,EEST,1,Hipodroom,1,success,"{"total":1,"location_name":"Hipodroom","location_id":1}"
2026-09-04 00:15:31,EEST,3,T1,9,success,"{"total":9,"location_name":"T1 Shopping Mall","location_id":3}"
2026-09-04 00:15:31,EEST,9,Mustika,6,success,"{"total":6,"location_name":"Mustika","location_id":9}"
2026-09-04 00:15:31,EEST,10,Suur-Paala,1,success,"{"total":1,"location_name":"Suur-Paala","location_id":10}"
2026-09-04 00:17:32,EEST,1,Hipodroom,1,success,"{"total":1,"location_name":"Hipodroom","location_id":1}"
2026-09-04 00:17:32,EEST,3,T1,9,success,"{"total":9,"location_name":"T1 Shopping Mall","location_id":3}"
2026-09-04 00:17:32,EEST,9,Mustika,6,success,"{"total":6,"location_name":"Mustika","location_id":9}"
2026-09-04 00:17:32,EEST,10,Suur-Paala,1,success,"{"total":1,"location_name":"Suur-Paala","location_id":10}"
2026-09-04 00:19:32,EEST,1,Hipodroom,1,success,"{"total":1,"location_name":"Hipodroom","location_id":1}"
2026-09-04 00:19:32,EEST,3,T1,7,success,"{"total":7,"location_name":"T1 Shopping Mall","location_id":3}"
2026-09-04 00:19:32,EEST,9,Mustika,6,success,"{"total":6,"location_name":"Mustika","location_id":9}"
2026-09-04 00:19:32,EEST,10,Suur-Paala,1,success,"{"total":1,"location_name":"Suur-Paala","location_id":10}"
2026-09-04 00:21:33,EEST,1,Hipodroom,1,success,"{"total":1,"location_name":"Hipodroom","location_id":1}"
2026-09-04 00:21:33,EEST,3,T1,7,success,"{"total":7,"location_name":"T1 Shopping Mall","location_id":3}"
2026-09-04 00:21:33,EEST,9,Mustika,6,success,"{"total":6,"location_name":"Mustika","location_id":9}"
2026-09-04 00:21:33,EEST,10,Suur-Paala,1,success,"{"total":1,"location_name":"Suur-Paala","location_id":10}"
2026-09-04 00:23:34,EEST,1,Hipodroom,1,success,"{"total":1,"location_name":"Hipodroom","location_id":1}"
2026-09-04 00:23:34,EEST,3,T1,7,success,"{"total":7,"location_name":"T1 Shopping Mall","location_id":3}"
2026-09-04 00:23:34,EEST,9,Mustika,6,success,"{"total":6,"location_name":"Mustika","location_id":9}"
2026-09-04 00:23:34,EEST,10,Suur-Paala,1,success,"{"total":1,"location_name":"Suur-Paala","location_id":10}"
2026-09-04 00:25:34,EEST,1,Hipodroom,1,success,"{"total":1,"location_name":"Hipodroom","location_id":1}"
2026-09-04 00:25:34,EEST,3,T1,7,success,"{"total":7,"location_name":"T1 Shopping Mall","location_id":3}"
2026-09-04 00:25:34,EEST,9,Mustika,5,success,"{"total":5,"location_name":"Mustika","location_id":9}"
2026-09-04 00:25:34,EEST,10,Suur-Paala,1,success,"{"total":1,"location_name":"Suur-Paala","location_id":10}"
2026-09-04 00:27:35,EEST,1,Hipodroom,1,success,"{"total":1,"location_name":"Hipodroom","location_id":1}"
2026-09-04 00:27:35,EEST,3,T1,7,success,"{"total":7,"location_name":"T1 Shopping Mall","location_id":3}"
2026-09-04 00:27:35,EEST,9,Mustika,5,success,"{"total":5,"location_name":"Mustika","location_id":9}"
2026-09-04 00:27:35,EEST,10,Suur-Paala,1,success,"{"total":1,"location_name":"Suur-Paala","location_id":10}"
2026-09-04 00:29:36,EEST,1,Hipodroom,1,success,"{"total":1,"location_name":"Hipodroom","location_id":1}"
2026-09-04 00:29:36,EEST,3,T1,7,success,"{"total":7,"location_name":"T1 Shopping Mall","location_id":3}"
2026-09-04 00:29:36,EEST,9,Mustika,5,success,"{"total":5,"location_name":"Mustika","location_id":9}"
2026-09-04 00:29:36,EEST,10,Suur-Paala,1,success,"{"total":1,"location_name":"Suur-Paala","location_id":10}"
2026-09-04 00:31:37,EEST,1,Hipodroom,1,success,"{"total":1,"location_name":"Hipodroom","location_id":1}"
2026-09-04 00:31:37,EEST,3,T1,4,success,"{"total":4,"location_name":"T1 Shopping Mall","location_id":3}"
2026-09-04 00:31:37,EEST,9,Mustika,5,success,"{"total":5,"location_name":"Mustika","location_id":9}"
2026-09-04 00:31:37,EEST,10,Suur-Paala,1,success,"{"total":1,"location_name":"Suur-Paala","location_id":10}"
2026-09-04 00:33:38,EEST,1,Hipodroom,1,success,"{"total":1,"location_name":"Hipodroom","location_id":1}"
2026-09-04 00:33:38,EEST,3,T1,4,success,"{"total":4,"location_name":"T1 Shopping Mall","location_id":3}"
2026-09-04 00:33:38,EEST,9,Mustika,5,success,"{"total":5,"location_name":"Mustika","location_id":9}"
2026-09-04 00:33:38,EEST,10,Suur-Paala,1,success,"{"total":1,"location_name":"Suur-Paala","location_id":10}"
2026-09-04 00:35:39,EEST,1,Hipodroom,1,success,"{"total":1,"location_name":"Hipodroom","location_id":1}"
2026-09-04 00:35:39,EEST,3,T1,4,success,"{"total":4,"location_name":"T1 Shopping Mall","location_id":3}"
2026-09-04 00:35:39,EEST,9,Mustika,5,success,"{"total":5,"location_name":"Mustika","location_id":9}"
2026-09-04 00:35:39,EEST,10,Suur-Paala,1,success,"{"total":1,"location_name":"Suur-Paala","location_id":10}"
2026-09-04 00:37:39,EEST,1,Hipodroom,1,success,"{"total":1,"location_name":"Hipodroom","location_id":1}"
2026-09-04 00:37:39,EEST,3,T1,4,success,"{"total":4,"location_name":"T1 Shopping Mall","location_id":3}"
2026-09-04 00:37:39,EEST,9,Mustika,5,success,"{"total":5,"location_name":"Mustika","location_id":9}"
2026-09-04 00:37:39,EEST,10,Suur-Paala,1,success,"{"total":1,"location_name":"Suur-Paala","location_id":10}"
2026-09-04 00:39:40,EEST,1,Hipodroom,1,success,"{"total":1,"location_name":"Hipodroom","location_id":1}"
2026-09-04 00:39:40,EEST,3,T1,4,success,"{"total":4,"location_name":"T1 Shopping Mall","location_id":3}"
2026-09-04 00:39:40,EEST,9,Mustika,5,success,"{"total":5,"location_name":"Mustika","location_id":9}"
2026-09-04 00:39:40,EEST,10,Suur-Paala,1,success,"{"total":1,"location_name":"Suur-Paala","location_id":10}"
2026-09-04 00:41:41,EEST,1,Hipodroom,1,success,"{"total":1,"location_name":"Hipodroom","location_id":1}"
2026-09-04 00:41:41,EEST,3,T1,4,success,"{"total":4,"location_name":"T1 Shopping Mall","location_id":3}"
2026-09-04 00:41:41,EEST,9,Mustika,5,success,"{"total":5,"location_name":"Mustika","location_id":9}"
2026-09-04 00:41:41,EEST,10,Suur-Paala,1,success,"{"total":1,"location_name":"Suur-Paala","location_id":10}"
2026-09-04 00:43:42,EEST,1,Hipodroom,1,success,"{"total":1,"location_name":"Hipodroom","location_id":1}"
2026-09-04 00:43:42,EEST,3,T1,4,success,"{"total":4,"location_name":"T1 Shopping Mall","location_id":3}"
2026-09-04 00:43:42,EEST,9,Mustika,4,success,"{"total":4,"location_name":"Mustika","location_id":9}"
2026-09-04 00:43:42,EEST,10,Suur-Paala,1,success,"{"total":1,"location_name":"Suur-Paala","location_id":10}"
2026-09-04 00:45:43,EEST,1,Hipodroom,1,success,"{"total":1,"location_name":"Hipodroom","location_id":1}"
2026-09-04 00:45:43,EEST,3,T1,4,success,"{"total":4,"location_name":"T1 Shopping Mall","location_id":3}"
2026-09-04 00:45:43,EEST,9,Mustika,4,success,"{"total":4,"location_name":"Mustika","location_id":9}"
2026-09-04 00:45:43,EEST,10,Suur-Paala,1,success,"{"total":1,"location_name":"Suur-Paala","location_id":10}"
2026-09-04 00:47:43,EEST,1,Hipodroom,1,success,"{"total":1,"location_name":"Hipodroom","location_id":1}"
2026-09-04 00:47:43,EEST,3,T1,4,success,"{"total":4,"location_name":"T1 Shopping Mall","location_id":3}"
2026-09-04 00:47:43,EEST,9,Mustika,4,success,"{"total":4,"location_name":"Mustika","location_id":9}"
2026-09-04 00:47:43,EEST,10,Suur-Paala,1,success,"{"total":1,"location_name":"Suur-Paala","location_id":10}"
2026-09-04 00:49:45,EEST,1,Hipodroom,1,success,"{"total":1,"location_name":"Hipodroom","location_id":1}"
2026-09-04 00:49:45,EEST,3,T1,4,success,"{"total":4,"location_name":"T1 Shopping Mall","location_id":3}"
2026-09-04 00:49:45,EEST,9,Mustika,4,success,"{"total":4,"location_name":"Mustika","location_id":9}"
2026-09-04 00:49:45,EEST,10,Suur-Paala,1,success,"{"total":1,"location_name":"Suur-Paala","location_id":10}"
2026-09-04 00:51:46,EEST,1,Hipodroom,1,success,"{"total":1,"location_name":"Hipodroom","location_id":1}"
2026-09-04 00:51:46,EEST,3,T1,4,success,"{"total":4,"location_name":"T1 Shopping Mall","location_id":3}"
2026-09-04 00:51:46,EEST,9,Mustika,4,success,"{"total":4,"location_name":"Mustika","location_id":9}"
2026-09-04 00:51:46,EEST,10,Suur-Paala,1,success,"{"total":1,"location_name":"Suur-Paala","location_id":10}"
2026-09-04 00:53:46,EEST,1,Hipodroom,1,success,"{"total":1,"location_name":"Hipodroom","location_id":1}"
2026-09-04 00:53:46,EEST,3,T1,4,success,"{"total":4,"location_name":"T1 Shopping Mall","location_id":3}"
2026-09-04 00:53:46,EEST,9,Mustika,4,success,"{"total":4,"location_name":"Mustika","location_id":9}"
2026-09-04 00:53:46,EEST,10,Suur-Paala,1,success,"{"total":1,"location_name":"Suur-Paala","location_id":10}"
2026-09-04 00:55:47,EEST,1,Hipodroom,1,success,"{"total":1,"location_name":"Hipodroom","location_id":1}"
2026-09-04 00:55:47,EEST,3,T1,4,success,"{"total":4,"location_name":"T1 Shopping Mall","location_id":3}"
2026-09-04 00:55:47,EEST,9,Mustika,2,success,"{"total":2,"location_name":"Mustika","location_id":9}"
2026-09-04 00:55:47,EEST,10,Suur-Paala,1,success,"{"total":1,"location_name":"Suur-Paala","location_id":10}"
2026-09-04 00:57:47,EEST,1,Hipodroom,1,success,"{"total":1,"location_name":"Hipodroom","location_id":1}"
2026-09-04 00:57:47,EEST,3,T1,4,success,"{"total":4,"location_name":"T1 Shopping Mall","location_id":3}"
2026-09-04 00:57:47,EEST,9,Mustika,2,success,"{"total":2,"location_name":"Mustika","location_id":9}"
2026-09-04 00:57:47,EEST,10,Suur-Paala,1,success,"{"total":1,"location_name":"Suur-Paala","location_id":10}"
2026-09-04 00:59:48,EEST,1,Hipodroom,1,success,"{"total":1,"location_name":"Hipodroom","location_id":1}"
2026-09-04 00:59:48,EEST,3,T1,4,success,"{"total":4,"location_name":"T1 Shopping Mall","location_id":3}"
2026-09-04 00:59:48,EEST,9,Mustika,2,success,"{"total":2,"location_name":"Mustika","location_id":9}"
2026-09-04 00:59:48,EEST,10,Suur-Paala,1,success,"{"total":1,"location_name":"Suur-Paala","location_id":10}"
2026-09-04 01:01:49,EEST,1,Hipodroom,1,success,"{"total":1,"location_name":"Hipodroom","location_id":1}"
2026-09-04 01:01:49,EEST,3,T1,4,success,"{"total":4,"location_name":"T1 Shopping Mall","location_id":3}"
2026-09-04 01:01:49,EEST,9,Mustika,1,success,"{"total":1,"location_name":"Mustika","location_id":9}"
2026-09-04 01:01:49,EEST,10,Suur-Paala,1,success,"{"total":1,"location_name":"Suur-Paala","location_id":10}"
2026-09-04 01:03:50,EEST,1,Hipodroom,1,success,"{"total":1,"location_name":"Hipodroom","location_id":1}"
2026-09-04 01:03:50,EEST,3,T1,4,success,"{"total":4,"location_name":"T1 Shopping Mall","location_id":3}"
2026-09-04 01:03:50,EEST,9,Mustika,1,success,"{"total":1,"location_name":"Mustika","location_id":9}"
2026-09-04 01:03:50,EEST,10,Suur-Paala,0,success,"{"total":0,"location_name":"Suur-Paala","location_id":10}"
2026-09-04 01:05:50,EEST,1,Hipodroom,1,success,"{"total":1,"location_name":"Hipodroom","location_id":1}"
2026-09-04 01:05:50,EEST,3,T1,4,success,"{"total":4,"location_name":"T1 Shopping Mall","location_id":3}"
2026-09-04 01:05:50,EEST,9,Mustika,1,success,"{"total":1,"location_name":"Mustika","location_id":9}"
2026-09-04 01:05:50,EEST,10,Suur-Paala,0,success,"{"total":0,"location_name":"Suur-Paala","location_id":10}"
2026-09-04 01:07:51,EEST,1,Hipodroom,1,success,"{"total":1,"location_name":"Hipodroom","location_id":1}"
2026-09-04 01:07:51,EEST,3,T1,4,success,"{"total":4,"location_name":"T1 Shopping Mall","location_id":3}"
2026-09-04 01:07:51,EEST,9,Mustika,0,success,"{"total":0,"location_name":"Mustika","location_id":9}"
2026-09-04 01:07:51,EEST,10,Suur-Paala,0,success,"{"total":0,"location_name":"Suur-Paala","location_id":10}"
2026-09-04 01:09:52,EEST,1,Hipodroom,1,success,"{"total":1,"location_name":"Hipodroom","location_id":1}"
2026-09-04 01:09:52,EEST,3,T1,4,success,"{"total":4,"location_name":"T1 Shopping Mall","location_id":3}"
2026-09-04 01:09:52,EEST,9,Mustika,0,success,"{"total":0,"location_name":"Mustika","location_id":9}"
2026-09-04 01:09:52,EEST,10,Suur-Paala,0,success,"{"total":0,"location_name":"Suur-Paala","location_id":10}"
2026-09-04 01:11:53,EEST,1,Hipodroom,1,success,"{"total":1,"location_name":"Hipodroom","location_id":1}"
2026-09-04 01:11:53,EEST,3,T1,4,success,"{"total":4,"location_name":"T1 Shopping Mall","location_id":3}"
2026-09-04 01:11:53,EEST,9,Mustika,0,success,"{"total":0,"location_name":"Mustika","location_id":9}"
2026-09-04 01:11:53,EEST,10,Suur-Paala,0,success,"{"total":0,"location_name":"Suur-Paala","location_id":10}"
2026-09-04 01:13:53,EEST,1,Hipodroom,0,success,"{"total":0,"location_name":"Hipodroom","location_id":1}"
2026-09-04 01:13:53,EEST,3,T1,4,success,"{"total":4,"location_name":"T1 Shopping Mall","location_id":3}"
2026-09-04 01:13:53,EEST,9,Mustika,0,success,"{"total":0,"location_name":"Mustika","location_id":9}"
2026-09-04 01:13:53,EEST,10,Suur-Paala,0,success,"{"total":0,"location_name":"Suur-Paala","location_id":10}"
2026-09-04 01:15:54,EEST,1,Hipodroom,0,success,"{"total":0,"location_name":"Hipodroom","location_id":1}"
2026-09-04 01:15:54,EEST,3,T1,4,success,"{"total":4,"location_name":"T1 Shopping Mall","location_id":3}"
2026-09-04 01:15:54,EEST,9,Mustika,0,success,"{"total":0,"location_name":"Mustika","location_id":9}"
2026-09-04 01:15:54,EEST,10,Suur-Paala,0,success,"{"total":0,"location_name":"Suur-Paala","location_id":10}"
2026-09-04 01:17:55,EEST,1,Hipodroom,0,success,"{"total":0,"location_name":"Hipodroom","location_id":1}"
2026-09-04 01:17:55,EEST,3,T1,4,success,"{"total":4,"location_name":"T1 Shopping Mall","location_id":3}"
2026-09-04 01:17:55,EEST,9,Mustika,0,success,"{"total":0,"location_name":"Mustika","location_id":9}"
2026-09-04 01:17:55,EEST,10,Suur-Paala,0,success,"{"total":0,"location_name":"Suur-Paala","location_id":10}"
2026-09-04 01:19:56,EEST,1,Hipodroom,0,success,"{"total":0,"location_name":"Hipodroom","location_id":1}"
2026-09-04 01:19:56,EEST,3,T1,4,success,"{"total":4,"location_name":"T1 Shopping Mall","location_id":3}"
2026-09-04 01:19:56,EEST,9,Mustika,0,success,"{"total":0,"location_name":"Mustika","location_id":9}"
2026-09-04 01:19:56,EEST,10,Suur-Paala,0,success,"{"total":0,"location_name":"Suur-Paala","location_id":10}"
2026-09-04 01:21:56,EEST,1,Hipodroom,0,success,"{"total":0,"location_name":"Hipodroom","location_id":1}"
2026-09-04 01:21:56,EEST,3,T1,4,success,"{"total":4,"location_name":"T1 Shopping Mall","location_id":3}"
2026-09-04 01:21:56,EEST,9,Mustika,0,success,"{"total":0,"location_name":"Mustika","location_id":9}"
2026-09-04 01:21:56,EEST,10,Suur-Paala,0,success,"{"total":0,"location_name":"Suur-Paala","location_id":10}"
2026-09-04 01:23:58,EEST,1,Hipodroom,0,success,"{"total":0,"location_name":"Hipodroom","location_id":1}"
2026-09-04 01:23:58,EEST,3,T1,4,success,"{"total":4,"location_name":"T1 Shopping Mall","location_id":3}"
2026-09-04 01:23:58,EEST,9,Mustika,0,success,"{"total":0,"location_name":"Mustika","location_id":9}"
2026-09-04 01:23:58,EEST,10,Suur-Paala,0,success,"{"total":0,"location_name":"Suur-Paala","location_id":10}"
2026-09-04 01:25:59,EEST,1,Hipodroom,0,success,"{"total":0,"location_name":"Hipodroom","location_id":1}"
2026-09-04 01:25:59,EEST,3,T1,2,success,"{"total":2,"location_name":"T1 Shopping Mall","location_id":3}"
2026-09-04 01:25:59,EEST,9,Mustika,0,success,"{"total":0,"location_name":"Mustika","location_id":9}"
2026-09-04 01:25:59,EEST,10,Suur-Paala,0,success,"{"total":0,"location_name":"Suur-Paala","location_id":10}"
2026-09-04 01:28:00,EEST,1,Hipodroom,0,success,"{"total":0,"location_name":"Hipodroom","location_id":1}"
2026-09-04 01:28:00,EEST,3,T1,2,success,"{"total":2,"location_name":"T1 Shopping Mall","location_id":3}"
2026-09-04 01:28:00,EEST,9,Mustika,0,success,"{"total":0,"location_name":"Mustika","location_id":9}"
2026-09-04 01:28:00,EEST,10,Suur-Paala,0,success,"{"total":0,"location_name":"Suur-Paala","location_id":10}"
2026-09-04 01:30:00,EEST,1,Hipodroom,0,success,"{"total":0,"location_name":"Hipodroom","location_id":1}"
2026-09-04 01:30:00,EEST,3,T1,2,success,"{"total":2,"location_name":"T1 Shopping Mall","location_id":3}"
2026-09-04 01:30:00,EEST,9,Mustika,0,success,"{"total":0,"location_name":"Mustika","location_id":9}"
2026-09-04 01:30:00,EEST,10,Suur-Paala,0,success,"{"total":0,"location_name":"Suur-Paala","location_id":10}"
2026-09-04 01:32:01,EEST,1,Hipodroom,0,success,"{"total":0,"location_name":"Hipodroom","location_id":1}"
2026-09-04 01:32:01,EEST,3,T1,1,success,"{"total":1,"location_name":"T1 Shopping Mall","location_id":3}"
2026-09-04 01:32:01,EEST,9,Mustika,0,success,"{"total":0,"location_name":"Mustika","location_id":9}"
2026-09-04 01:32:01,EEST,10,Suur-Paala,0,success,"{"total":0,"location_name":"Suur-Paala","location_id":10}"
2026-09-04 01:34:01,EEST,1,Hipodroom,0,success,"{"total":0,"location_name":"Hipodroom","location_id":1}"
2026-09-04 01:34:01,EEST,3,T1,1,success,"{"total":1,"location_name":"T1 Shopping Mall","location_id":3}"
2026-09-04 01:34:01,EEST,9,Mustika,0,success,"{"total":0,"location_name":"Mustika","location_id":9}"
2026-09-04 01:34:01,EEST,10,Suur-Paala,0,success,"{"total":0,"location_name":"Suur-Paala","location_id":10}"
2026-09-04 01:36:02,EEST,1,Hipodroom,0,success,"{"total":0,"location_name":"Hipodroom","location_id":1}"
2026-09-04 01:36:02,EEST,3,T1,1,success,"{"total":1,"location_name":"T1 Shopping Mall","location_id":3}"
2026-09-04 01:36:02,EEST,9,Mustika,0,success,"{"total":0,"location_name":"Mustika","location_id":9}"
2026-09-04 01:36:02,EEST,10,Suur-Paala,0,success,"{"total":0,"location_name":"Suur-Paala","location_id":10}"
2026-09-04 01:38:03,EEST,1,Hipodroom,0,success,"{"total":0,"location_name":"Hipodroom","location_id":1}"
2026-09-04 01:38:03,EEST,3,T1,1,success,"{"total":1,"location_name":"T1 Shopping Mall","location_id":3}"
2026-09-04 01:38:03,EEST,9,Mustika,0,success,"{"total":0,"location_name":"Mustika","location_id":9}"
2026-09-04 01:38:03,EEST,10,Suur-Paala,0,success,"{"total":0,"location_name":"Suur-Paala","location_id":10}"
2026-09-04 01:40:04,EEST,1,Hipodroom,0,success,"{"total":0,"location_name":"Hipodroom","location_id":1}"
2026-09-04 01:40:04,EEST,3,T1,1,success,"{"total":1,"location_name":"T1 Shopping Mall","location_id":3}"
2026-09-04 01:40:04,EEST,9,Mustika,0,success,"{"total":0,"location_name":"Mustika","location_id":9}"
2026-09-04 01:40:04,EEST,10,Suur-Paala,0,success,"{"total":0,"location_name":"Suur-Paala","location_id":10}"
2026-09-04 01:42:05,EEST,1,Hipodroom,0,success,"{"total":0,"location_name":"Hipodroom","location_id":1}"
2026-09-04 01:42:05,EEST,3,T1,1,success,"{"total":1,"location_name":"T1 Shopping Mall","location_id":3}"
2026-09-04 01:42:05,EEST,9,Mustika,0,success,"{"total":0,"location_name":"Mustika","location_id":9}"
2026-09-04 01:42:05,EEST,10,Suur-Paala,0,success,"{"total":0,"location_name":"Suur-Paala","location_id":10}"
2026-09-04 01:44:06,EEST,1,Hipodroom,0,success,"{"total":0,"location_name":"Hipodroom","location_id":1}"
2026-09-04 01:44:06,EEST,3,T1,1,success,"{"total":1,"location_name":"T1 Shopping Mall","location_id":3}"
2026-09-04 01:44:06,EEST,9,Mustika,0,success,"{"total":0,"location_name":"Mustika","location_id":9}"
2026-09-04 01:44:06,EEST,10,Suur-Paala,0,success,"{"total":0,"location_name":"Suur-Paala","location_id":10}"
2026-09-04 01:46:07,EEST,1,Hipodroom,0,success,"{"total":0,"location_name":"Hipodroom","location_id":1}"
2026-09-04 01:46:07,EEST,3,T1,1,success,"{"total":1,"location_name":"T1 Shopping Mall","location_id":3}"
2026-09-04 01:46:07,EEST,9,Mustika,0,success,"{"total":0,"location_name":"Mustika","location_id":9}"
2026-09-04 01:46:07,EEST,10,Suur-Paala,0,success,"{"total":0,"location_name":"Suur-Paala","location_id":10}"
2026-09-04 01:48:08,EEST,1,Hipodroom,0,success,"{"total":0,"location_name":"Hipodroom","location_id":1}"
2026-09-04 01:48:08,EEST,3,T1,1,success,"{"total":1,"location_name":"T1 Shopping Mall","location_id":3}"
2026-09-04 01:48:08,EEST,9,Mustika,0,success,"{"total":0,"location_name":"Mustika","location_id":9}"
2026-09-04 01:48:08,EEST,10,Suur-Paala,0,success,"{"total":0,"location_name":"Suur-Paala","location_id":10}"
2026-09-04 01:50:08,EEST,1,Hipodroom,0,success,"{"total":0,"location_name":"Hipodroom","location_id":1}"
2026-09-04 01:50:08,EEST,3,T1,1,success,"{"total":1,"location_name":"T1 Shopping Mall","location_id":3}"
2026-09-04 01:50:08,EEST,9,Mustika,0,success,"{"total":0,"location_name":"Mustika","location_id":9}"
2026-09-04 01:50:08,EEST,10,Suur-Paala,0,success,"{"total":0,"location_name":"Suur-Paala","location_id":10}"
2026-09-04 01:52:09,EEST,1,Hipodroom,0,success,"{"total":0,"location_name":"Hipodroom","location_id":1}"
2026-09-04 01:52:09,EEST,3,T1,1,success,"{"total":1,"location_name":"T1 Shopping Mall","location_id":3}"
2026-09-04 01:52:09,EEST,9,Mustika,0,success,"{"total":0,"location_name":"Mustika","location_id":9}"
2026-09-04 01:52:09,EEST,10,Suur-Paala,0,success,"{"total":0,"location_name":"Suur-Paala","location_id":10}"
2026-09-04 01:54:10,EEST,1,Hipodroom,0,success,"{"total":0,"location_name":"Hipodroom","location_id":1}"
2026-09-04 01:54:10,EEST,3,T1,1,success,"{"total":1,"location_name":"T1 Shopping Mall","location_id":3}"
2026-09-04 01:54:10,EEST,9,Mustika,0,success,"{"total":0,"location_name":"Mustika","location_id":9}"
2026-09-04 01:54:10,EEST,10,Suur-Paala,0,success,"{"total":0,"location_name":"Suur-Paala","location_id":10}"
2026-09-04 01:56:11,EEST,1,Hipodroom,0,success,"{"total":0,"location_name":"Hipodroom","location_id":1}"
2026-09-04 01:56:11,EEST,3,T1,1,success,"{"total":1,"location_name":"T1 Shopping Mall","location_id":3}"
2026-09-04 01:56:11,EEST,9,Mustika,0,success,"{"total":0,"location_name":"Mustika","location_id":9}"
2026-09-04 01:56:11,EEST,10,Suur-Paala,0,success,"{"total":0,"location_name":"Suur-Paala","location_id":10}"
2026-09-04 01:58:12,EEST,1,Hipodroom,0,success,"{"total":0,"location_name":"Hipodroom","location_id":1}"
2026-09-04 01:58:12,EEST,3,T1,1,success,"{"total":1,"location_name":"T1 Shopping Mall","location_id":3}"
2026-09-04 01:58:12,EEST,9,Mustika,0,success,"{"total":0,"location_name":"Mustika","location_id":9}"
2026-09-04 01:58:12,EEST,10,Suur-Paala,0,success,"{"total":0,"location_name":"Suur-Paala","location_id":10}"
2026-09-04 02:00:13,EEST,1,Hipodroom,0,success,"{"total":0,"location_name":"Hipodroom","location_id":1}"
2026-09-04 02:00:13,EEST,3,T1,1,success,"{"total":1,"location_name":"T1 Shopping Mall","location_id":3}"
2026-09-04 02:00:13,EEST,9,Mustika,0,success,"{"total":0,"location_name":"Mustika","location_id":9}"
2026-09-04 02:00:13,EEST,10,Suur-Paala,0,success,"{"total":0,"location_name":"Suur-Paala","location_id":10}"
2026-09-04 02:02:13,EEST,1,Hipodroom,0,success,"{"total":0,"location_name":"Hipodroom","location_id":1}"
2026-09-04 02:02:13,EEST,3,T1,0,success,"{"total":0,"location_name":"T1 Shopping Mall","location_id":3}"
2026-09-04 02:02:13,EEST,9,Mustika,0,success,"{"total":0,"location_name":"Mustika","location_id":9}"
2026-09-04 02:02:13,EEST,10,Suur-Paala,0,success,"{"total":0,"location_name":"Suur-Paala","location_id":10}"
2026-09-04 02:04:14,EEST,1,Hipodroom,0,success,"{"total":0,"location_name":"Hipodroom","location_id":1}"
2026-09-04 02:04:14,EEST,3,T1,0,success,"{"total":0,"location_name":"T1 Shopping Mall","location_id":3}"
2026-09-04 02:04:14,EEST,9,Mustika,0,success,"{"total":0,"location_name":"Mustika","location_id":9}"
2026-09-04 02:04:14,EEST,10,Suur-Paala,0,success,"{"total":0,"location_name":"Suur-Paala","location_id":10}"
2026-09-04 02:06:15,EEST,1,Hipodroom,0,success,"{"total":0,"location_name":"Hipodroom","location_id":1}"
2026-09-04 02:06:15,EEST,3,T1,0,success,"{"total":0,"location_name":"T1 Shopping Mall","location_id":3}"
2026-09-04 02:06:15,EEST,9,Mustika,0,success,"{"total":0,"location_name":"Mustika","location_id":9}"
2026-09-04 02:06:15,EEST,10,Suur-Paala,0,success,"{"total":0,"location_name":"Suur-Paala","location_id":10}"
2026-09-04 02:08:16,EEST,1,Hipodroom,0,success,"{"total":0,"location_name":"Hipodroom","location_id":1}"
2026-09-04 02:08:16,EEST,3,T1,0,success,"{"total":0,"location_name":"T1 Shopping Mall","location_id":3}"
2026-09-04 02:08:16,EEST,9,Mustika,0,success,"{"total":0,"location_name":"Mustika","location_id":9}"
2026-09-04 02:08:16,EEST,10,Suur-Paala,0,success,"{"total":0,"location_name":"Suur-Paala","location_id":10}"
2026-09-04 02:10:17,EEST,1,Hipodroom,0,success,"{"total":0,"location_name":"Hipodroom","location_id":1}"
2026-09-04 02:10:17,EEST,3,T1,0,success,"{"total":0,"location_name":"T1 Shopping Mall","location_id":3}"
2026-09-04 02:10:17,EEST,9,Mustika,0,success,"{"total":0,"location_name":"Mustika","location_id":9}"
2026-09-04 02:10:17,EEST,10,Suur-Paala,0,success,"{"total":0,"location_name":"Suur-Paala","location_id":10}"
2026-09-04 02:12:19,EEST,1,Hipodroom,0,success,"{"total":0,"location_name":"Hipodroom","location_id":1}"
2026-09-04 02:12:19,EEST,3,T1,0,success,"{"total":0,"location_name":"T1 Shopping Mall","location_id":3}"
2026-09-04 02:12:19,EEST,9,Mustika,0,success,"{"total":0,"location_name":"Mustika","location_id":9}"
2026-09-04 02:12:19,EEST,10,Suur-Paala,0,success,"{"total":0,"location_name":"Suur-Paala","location_id":10}"
2026-09-04 02:14:19,EEST,1,Hipodroom,0,success,"{"total":0,"location_name":"Hipodroom","location_id":1}"
2026-09-04 02:14:19,EEST,3,T1,0,success,"{"total":0,"location_name":"T1 Shopping Mall","location_id":3}"
2026-09-04 02:14:19,EEST,9,Mustika,0,success,"{"total":0,"location_name":"Mustika","location_id":9}"
2026-09-04 02:14:19,EEST,10,Suur-Paala,0,success,"{"total":0,"location_name":"Suur-Paala","location_id":10}"
2026-09-04 02:16:20,EEST,1,Hipodroom,0,success,"{"total":0,"location_name":"Hipodroom","location_id":1}"
2026-09-04 02:16:20,EEST,3,T1,0,success,"{"total":0,"location_name":"T1 Shopping Mall","location_id":3}"
2026-09-04 02:16:20,EEST,9,Mustika,0,success,"{"total":0,"location_name":"Mustika","location_id":9}"
2026-09-04 02:16:20,EEST,10,Suur-Paala,0,success,"{"total":0,"location_name":"Suur-Paala","location_id":10}"
2026-09-04 02:18:21,EEST,1,Hipodroom,0,success,"{"total":0,"location_name":"Hipodroom","location_id":1}"
2026-09-04 02:18:21,EEST,3,T1,0,success,"{"total":0,"location_name":"T1 Shopping Mall","location_id":3}"
2026-09-04 02:18:21,EEST,9,Mustika,0,success,"{"total":0,"location_name":"Mustika","location_id":9}"
2026-09-04 02:18:21,EEST,10,Suur-Paala,0,success,"{"total":0,"location_name":"Suur-Paala","location_id":10}"
2026-09-04 02:20:23,EEST,1,Hipodroom,0,success,"{"total":0,"location_name":"Hipodroom","location_id":1}"
2026-09-04 02:20:23,EEST,3,T1,0,success,"{"total":0,"location_name":"T1 Shopping Mall","location_id":3}"
2026-09-04 02:20:23,EEST,9,Mustika,0,success,"{"total":0,"location_name":"Mustika","location_id":9}"
2026-09-04 02:20:23,EEST,10,Suur-Paala,0,success,"{"total":0,"location_name":"Suur-Paala","location_id":10}"
2026-09-04 02:22:24,EEST,1,Hipodroom,0,success,"{"total":0,"location_name":"Hipodroom","location_id":1}"
2026-09-04 02:22:24,EEST,3,T1,0,success,"{"total":0,"location_name":"T1 Shopping Mall","location_id":3}"
2026-09-04 02:22:24,EEST,9,Mustika,0,success,"{"total":0,"location_name":"Mustika","location_id":9}"
2026-09-04 02:22:24,EEST,10,Suur-Paala,0,success,"{"total":0,"location_name":"Suur-Paala","location_id":10}"
2026-09-04 02:24:24,EEST,1,Hipodroom,0,success,"{"total":0,"location_name":"Hipodroom","location_id":1}"
2026-09-04 02:24:24,EEST,3,T1,0,success,"{"total":0,"location_name":"T1 Shopping Mall","location_id":3}"
2026-09-04 02:24:24,EEST,9,Mustika,0,success,"{"total":0,"location_name":"Mustika","location_id":9}"
2026-09-04 02:24:24,EEST,10,Suur-Paala,0,success,"{"total":0,"location_name":"Suur-Paala","location_id":10}"
2026-09-04 02:26:25,EEST,1,Hipodroom,0,success,"{"total":0,"location_name":"Hipodroom","location_id":1}"
2026-09-04 02:26:25,EEST,3,T1,0,success,"{"total":0,"location_name":"T1 Shopping Mall","location_id":3}"
2026-09-04 02:26:25,EEST,9,Mustika,0,success,"{"total":0,"location_name":"Mustika","location_id":9}"
2026-09-04 02:26:25,EEST,10,Suur-Paala,0,success,"{"total":0,"location_name":"Suur-Paala","location_id":10}"
2026-09-04 02:28:26,EEST,1,Hipodroom,0,success,"{"total":0,"location_name":"Hipodroom","location_id":1}"
2026-09-04 02:28:26,EEST,3,T1,0,success,"{"total":0,"location_name":"T1 Shopping Mall","location_id":3}"
2026-09-04 02:28:26,EEST,9,Mustika,0,success,"{"total":0,"location_name":"Mustika","location_id":9}"
2026-09-04 02:28:26,EEST,10,Suur-Paala,0,success,"{"total":0,"location_name":"Suur-Paala","location_id":10}"
2026-09-04 02:30:27,EEST,1,Hipodroom,0,success,"{"total":0,"location_name":"Hipodroom","location_id":1}"
2026-09-04 02:30:27,EEST,3,T1,0,success,"{"total":0,"location_name":"T1 Shopping Mall","location_id":3}"
2026-09-04 02:30:27,EEST,9,Mustika,0,success,"{"total":0,"location_name":"Mustika","location_id":9}"
2026-09-04 02:30:27,EEST,10,Suur-Paala,0,success,"{"total":0,"location_name":"Suur-Paala","location_id":10}"
2026-09-04 02:32:27,EEST,1,Hipodroom,0,success,"{"total":0,"location_name":"Hipodroom","location_id":1}"
2026-09-04 02:32:27,EEST,3,T1,0,success,"{"total":0,"location_name":"T1 Shopping Mall","location_id":3}"
2026-09-04 02:32:27,EEST,9,Mustika,0,success,"{"total":0,"location_name":"Mustika","location_id":9}"
2026-09-04 02:32:27,EEST,10,Suur-Paala,0,success,"{"total":0,"location_name":"Suur-Paala","location_id":10}"
2026-09-04 02:34:29,EEST,1,Hipodroom,0,success,"{"total":0,"location_name":"Hipodroom","location_id":1}"
2026-09-04 02:34:29,EEST,3,T1,0,success,"{"total":0,"location_name":"T1 Shopping Mall","location_id":3}"
2026-09-04 02:34:29,EEST,9,Mustika,0,success,"{"total":0,"location_name":"Mustika","location_id":9}"
2026-09-04 02:34:29,EEST,10,Suur-Paala,0,success,"{"total":0,"location_name":"Suur-Paala","location_id":10}"
2026-09-04 02:36:29,EEST,1,Hipodroom,0,success,"{"total":0,"location_name":"Hipodroom","location_id":1}"
2026-09-04 02:36:29,EEST,3,T1,0,success,"{"total":0,"location_name":"T1 Shopping Mall","location_id":3}"
2026-09-04 02:36:29,EEST,9,Mustika,0,success,"{"total":0,"location_name":"Mustika","location_id":9}"
2026-09-04 02:36:29,EEST,10,Suur-Paala,0,success,"{"total":0,"location_name":"Suur-Paala","location_id":10}"
2026-09-04 02:38:30,EEST,1,Hipodroom,0,success,"{"total":0,"location_name":"Hipodroom","location_id":1}"
2026-09-04 02:38:30,EEST,3,T1,0,success,"{"total":0,"location_name":"T1 Shopping Mall","location_id":3}"
2026-09-04 02:38:30,EEST,9,Mustika,0,success,"{"total":0,"location_name":"Mustika","location_id":9}"
2026-09-04 02:38:30,EEST,10,Suur-Paala,0,success,"{"total":0,"location_name":"Suur-Paala","location_id":10}"
2026-09-04 02:40:32,EEST,1,Hipodroom,0,success,"{"total":0,"location_name":"Hipodroom","location_id":1}"
2026-09-04 02:40:32,EEST,3,T1,0,success,"{"total":0,"location_name":"T1 Shopping Mall","location_id":3}"
2026-09-04 02:40:32,EEST,9,Mustika,0,success,"{"total":0,"location_name":"Mustika","location_id":9}"
2026-09-04 02:40:32,EEST,10,Suur-Paala,0,success,"{"total":0,"location_name":"Suur-Paala","location_id":10}"
2026-09-04 02:42:33,EEST,1,Hipodroom,0,success,"{"total":0,"location_name":"Hipodroom","location_id":1}"
2026-09-04 02:42:33,EEST,3,T1,0,success,"{"total":0,"location_name":"T1 Shopping Mall","location_id":3}"
2026-09-04 02:42:33,EEST,9,Mustika,0,success,"{"total":0,"location_name":"Mustika","location_id":9}"
2026-09-04 02:42:33,EEST,10,Suur-Paala,0,success,"{"total":0,"location_name":"Suur-Paala","location_id":10}"
2026-09-04 02:44:34,EEST,1,Hipodroom,0,success,"{"total":0,"location_name":"Hipodroom","location_id":1}"
2026-09-04 02:44:34,EEST,3,T1,0,success,"{"total":0,"location_name":"T1 Shopping Mall","location_id":3}"
2026-09-04 02:44:34,EEST,9,Mustika,0,success,"{"total":0,"location_name":"Mustika","location_id":9}"
2026-09-04 02:44:34,EEST,10,Suur-Paala,0,success,"{"total":0,"location_name":"Suur-Paala","location_id":10}"
2026-09-04 02:46:35,EEST,1,Hipodroom,0,success,"{"total":0,"location_name":"Hipodroom","location_id":1}"
2026-09-04 02:46:35,EEST,3,T1,0,success,"{"total":0,"location_name":"T1 Shopping Mall","location_id":3}"
2026-09-04 02:46:35,EEST,9,Mustika,0,success,"{"total":0,"location_name":"Mustika","location_id":9}"
2026-09-04 02:46:35,EEST,10,Suur-Paala,0,success,"{"total":0,"location_name":"Suur-Paala","location_id":10}"
2026-09-04 02:48:36,EEST,1,Hipodroom,0,success,"{"total":0,"location_name":"Hipodroom","location_id":1}"
2026-09-04 02:48:36,EEST,3,T1,0,success,"{"total":0,"location_name":"T1 Shopping Mall","location_id":3}"
2026-09-04 02:48:36,EEST,9,Mustika,0,success,"{"total":0,"location_name":"Mustika","location_id":9}"
2026-09-04 02:48:36,EEST,10,Suur-Paala,0,success,"{"total":0,"location_name":"Suur-Paala","location_id":10}"
2026-09-04 02:50:37,EEST,1,Hipodroom,0,success,"{"total":0,"location_name":"Hipodroom","location_id":1}"
2026-09-04 02:50:37,EEST,3,T1,0,success,"{"total":0,"location_name":"T1 Shopping Mall","location_id":3}"
2026-09-04 02:50:37,EEST,9,Mustika,0,success,"{"total":0,"location_name":"Mustika","location_id":9}"
2026-09-04 02:50:37,EEST,10,Suur-Paala,0,success,"{"total":0,"location_name":"Suur-Paala","location_id":10}"
2026-09-04 02:52:39,EEST,1,Hipodroom,0,success,"{"total":0,"location_name":"Hipodroom","location_id":1}"
2026-09-04 02:52:39,EEST,3,T1,0,success,"{"total":0,"location_name":"T1 Shopping Mall","location_id":3}"
2026-09-04 02:52:39,EEST,9,Mustika,0,success,"{"total":0,"location_name":"Mustika","location_id":9}"
2026-09-04 02:52:39,EEST,10,Suur-Paala,0,success,"{"total":0,"location_name":"Suur-Paala","location_id":10}"
2026-09-04 02:54:39,EEST,1,Hipodroom,0,success,"{"total":0,"location_name":"Hipodroom","location_id":1}"
2026-09-04 02:54:39,EEST,3,T1,0,success,"{"total":0,"location_name":"T1 Shopping Mall","location_id":3}"
2026-09-04 02:54:39,EEST,9,Mustika,0,success,"{"total":0,"location_name":"Mustika","location_id":9}"
2026-09-04 02:54:39,EEST,10,Suur-Paala,0,success,"{"total":0,"location_name":"Suur-Paala","location_id":10}"
2026-09-04 02:56:40,EEST,1,Hipodroom,0,success,"{"total":0,"location_name":"Hipodroom","location_id":1}"
2026-09-04 02:56:40,EEST,3,T1,0,success,"{"total":0,"location_name":"T1 Shopping Mall","location_id":3}"
2026-09-04 02:56:40,EEST,9,Mustika,0,success,"{"total":0,"location_name":"Mustika","location_id":9}"
2026-09-04 02:56:40,EEST,10,Suur-Paala,0,success,"{"total":0,"location_name":"Suur-Paala","location_id":10}"
2026-09-04 02:58:41,EEST,1,Hipodroom,0,success,"{"total":0,"location_name":"Hipodroom","location_id":1}"
2026-09-04 02:58:41,EEST,3,T1,0,success,"{"total":0,"location_name":"T1 Shopping Mall","location_id":3}"
2026-09-04 02:58:41,EEST,9,Mustika,0,success,"{"total":0,"location_name":"Mustika","location_id":9}"
2026-09-04 02:58:41,EEST,10,Suur-Paala,0,success,"{"total":0,"location_name":"Suur-Paala","location_id":10}"
2026-09-04 03:00:42,EEST,1,Hipodroom,0,success,"{"total":0,"location_name":"Hipodroom","location_id":1}"
2026-09-04 03:00:42,EEST,3,T1,0,success,"{"total":0,"location_name":"T1 Shopping Mall","location_id":3}"
2026-09-04 03:00:42,EEST,9,Mustika,0,success,"{"total":0,"location_name":"Mustika","location_id":9}"
2026-09-04 03:00:42,EEST,10,Suur-Paala,0,success,"{"total":0,"location_name":"Suur-Paala","location_id":10}"
2026-09-04 03:02:43,EEST,1,Hipodroom,0,success,"{"total":0,"location_name":"Hipodroom","location_id":1}"
2026-09-04 03:02:43,EEST,3,T1,0,success,"{"total":0,"location_name":"T1 Shopping Mall","location_id":3}"
2026-09-04 03:02:43,EEST,9,Mustika,0,success,"{"total":0,"location_name":"Mustika","location_id":9}"
2026-09-04 03:02:43,EEST,10,Suur-Paala,0,success,"{"total":0,"location_name":"Suur-Paala","location_id":10}"
2026-09-04 03:04:44,EEST,1,Hipodroom,0,success,"{"total":0,"location_name":"Hipodroom","location_id":1}"
2026-09-04 03:04:44,EEST,3,T1,0,success,"{"total":0,"location_name":"T1 Shopping Mall","location_id":3}"
2026-09-04 03:04:44,EEST,9,Mustika,0,success,"{"total":0,"location_name":"Mustika","location_id":9}"
2026-09-04 03:04:44,EEST,10,Suur-Paala,0,success,"{"total":0,"location_name":"Suur-Paala","location_id":10}"
2026-09-04 03:06:44,EEST,1,Hipodroom,0,success,"{"total":0,"location_name":"Hipodroom","location_id":1}"
2026-09-04 03:06:44,EEST,3,T1,0,success,"{"total":0,"location_name":"T1 Shopping Mall","location_id":3}"
2026-09-04 03:06:44,EEST,9,Mustika,0,success,"{"total":0,"location_name":"Mustika","location_id":9}"
2026-09-04 03:06:44,EEST,10,Suur-Paala,0,success,"{"total":0,"location_name":"Suur-Paala","location_id":10}"
2026-09-04 03:08:45,EEST,1,Hipodroom,0,success,"{"total":0,"location_name":"Hipodroom","location_id":1}"
2026-09-04 03:08:45,EEST,3,T1,0,success,"{"total":0,"location_name":"T1 Shopping Mall","location_id":3}"
2026-09-04 03:08:45,EEST,9,Mustika,0,success,"{"total":0,"location_name":"Mustika","location_id":9}"
2026-09-04 03:08:45,EEST,10,Suur-Paala,0,success,"{"total":0,"location_name":"Suur-Paala","location_id":10}"
2026-09-04 03:10:45,EEST,1,Hipodroom,0,success,"{"total":0,"location_name":"Hipodroom","location_id":1}"
2026-09-04 03:10:45,EEST,3,T1,0,success,"{"total":0,"location_name":"T1 Shopping Mall","location_id":3}"
2026-09-04 03:10:45,EEST,9,Mustika,0,success,"{"total":0,"location_name":"Mustika","location_id":9}"
2026-09-04 03:10:45,EEST,10,Suur-Paala,0,success,"{"total":0,"location_name":"Suur-Paala","location_id":10}"
2026-09-04 03:12:46,EEST,1,Hipodroom,0,success,"{"total":0,"location_name":"Hipodroom","location_id":1}"
2026-09-04 03:12:46,EEST,3,T1,0,success,"{"total":0,"location_name":"T1 Shopping Mall","location_id":3}"
2026-09-04 03:12:46,EEST,9,Mustika,0,success,"{"total":0,"location_name":"Mustika","location_id":9}"
2026-09-04 03:12:46,EEST,10,Suur-Paala,0,success,"{"total":0,"location_name":"Suur-Paala","location_id":10}"
2026-09-04 03:14:47,EEST,1,Hipodroom,0,success,"{"total":0,"location_name":"Hipodroom","location_id":1}"
2026-09-04 03:14:47,EEST,3,T1,0,success,"{"total":0,"location_name":"T1 Shopping Mall","location_id":3}"
2026-09-04 03:14:47,EEST,9,Mustika,0,success,"{"total":0,"location_name":"Mustika","location_id":9}"
2026-09-04 03:14:47,EEST,10,Suur-Paala,0,success,"{"total":0,"location_name":"Suur-Paala","location_id":10}"
2026-09-04 03:16:48,EEST,1,Hipodroom,0,success,"{"total":0,"location_name":"Hipodroom","location_id":1}"
2026-09-04 03:16:48,EEST,3,T1,0,success,"{"total":0,"location_name":"T1 Shopping Mall","location_id":3}"
2026-09-04 03:16:48,EEST,9,Mustika,0,success,"{"total":0,"location_name":"Mustika","location_id":9}"
2026-09-04 03:16:48,EEST,10,Suur-Paala,0,success,"{"total":0,"location_name":"Suur-Paala","location_id":10}"
2026-09-04 03:18:48,EEST,1,Hipodroom,0,success,"{"total":0,"location_name":"Hipodroom","location_id":1}"
2026-09-04 03:18:48,EEST,3,T1,0,success,"{"total":0,"location_name":"T1 Shopping Mall","location_id":3}"
2026-09-04 03:18:48,EEST,9,Mustika,0,success,"{"total":0,"location_name":"Mustika","location_id":9}"
2026-09-04 03:18:48,EEST,10,Suur-Paala,0,success,"{"total":0,"location_name":"Suur-Paala","location_id":10}"
2026-09-04 03:20:49,EEST,1,Hipodroom,0,success,"{"total":0,"location_name":"Hipodroom","location_id":1}"
2026-09-04 03:20:49,EEST,3,T1,0,success,"{"total":0,"location_name":"T1 Shopping Mall","location_id":3}"
2026-09-04 03:20:49,EEST,9,Mustika,0,success,"{"total":0,"location_name":"Mustika","location_id":9}"
2026-09-04 03:20:49,EEST,10,Suur-Paala,0,success,"{"total":0,"location_name":"Suur-Paala","location_id":10}"
2026-09-04 03:22:51,EEST,1,Hipodroom,0,success,"{"total":0,"location_name":"Hipodroom","location_id":1}"
2026-09-04 03:22:51,EEST,3,T1,0,success,"{"total":0,"location_name":"T1 Shopping Mall","location_id":3}"
2026-09-04 03:22:51,EEST,9,Mustika,0,success,"{"total":0,"location_name":"Mustika","location_id":9}"
2026-09-04 03:22:51,EEST,10,Suur-Paala,0,success,"{"total":0,"location_name":"Suur-Paala","location_id":10}"
2026-09-04 03:24:52,EEST,1,Hipodroom,0,success,"{"total":0,"location_name":"Hipodroom","location_id":1}"
2026-09-04 03:24:52,EEST,3,T1,0,success,"{"total":0,"location_name":"T1 Shopping Mall","location_id":3}"
2026-09-04 03:24:52,EEST,9,Mustika,0,success,"{"total":0,"location_name":"Mustika","location_id":9}"
2026-09-04 03:24:52,EEST,10,Suur-Paala,0,success,"{"total":0,"location_name":"Suur-Paala","location_id":10}"
2026-09-04 03:26:52,EEST,1,Hipodroom,0,success,"{"total":0,"location_name":"Hipodroom","location_id":1}"
2026-09-04 03:26:52,EEST,3,T1,0,success,"{"total":0,"location_name":"T1 Shopping Mall","location_id":3}"
2026-09-04 03:26:52,EEST,9,Mustika,0,success,"{"total":0,"location_name":"Mustika","location_id":9}"
2026-09-04 03:26:52,EEST,10,Suur-Paala,0,success,"{"total":0,"location_name":"Suur-Paala","location_id":10}"
2026-09-04 03:28:54,EEST,1,Hipodroom,0,success,"{"total":0,"location_name":"Hipodroom","location_id":1}"
2026-09-04 03:28:54,EEST,3,T1,0,success,"{"total":0,"location_name":"T1 Shopping Mall","location_id":3}"
2026-09-04 03:28:54,EEST,9,Mustika,0,success,"{"total":0,"location_name":"Mustika","location_id":9}"
2026-09-04 03:28:54,EEST,10,Suur-Paala,0,success,"{"total":0,"location_name":"Suur-Paala","location_id":10}"
