time,board_C_median,reconstructed_C,entries_per_10min,entries_per_hour,occupancy_D60,occupancy_D90,occupancy_D120
03:00,0.0,0.00,0.000,0.00,0.00,0.00,0.00
03:10,0.0,0.00,0.000,0.00,0.00,0.00,0.00
03:20,0.0,0.00,0.000,0.00,0.00,0.00,0.00
03:30,0.0,0.00,0.000,0.00,0.00,0.00,0.00
03:40,0.0,0.00,0.000,0.00,0.00,0.00,0.00
03:50,0.0,0.00,0.000,0.00,0.00,0.00,0.00
04:00,0.0,0.00,0.000,0.00,0.00,0.00,0.00
04:10,0.0,0.00,0.000,0.00,0.00,0.00,0.00
04:20,0.0,0.00,0.000,0.00,0.00,0.00,0.00
04:30,0.0,0.00,0.000,0.00,0.00,0.00,0.00
04:40,0.0,0.00,0.000,0.00,0.00,0.00,0.00
04:50,0.0,0.00,0.000,0.00,0.00,0.00,0.00
05:00,0.0,0.00,0.000,0.00,0.00,0.00,0.00
05:10,0.0,0.00,0.000,0.00,0.00,0.00,0.00
05:20,0.0,0.00,0.000,0.00,0.00,0.00,0.00
05:30,0.0,0.00,0.000,0.00,0.00,0.00,0.00
05:40,0.0,0.00,0.000,0.00,0.00,0.00,0.00
05:50,0.0,0.00,0.000,0.00,0.00,0.00,0.00
06:00,0.0,0.00,0.000,0.00,0.00,0.00,0.00
06:10,0.0,0.00,0.000,0.00,0.00,0.00,0.00
06:20,0.0,0.00,0.000,0.00,0.00,0.00,0.00
06:30,0.0,0.02,0.020,0.12,0.02,0.02,0.02
06:40,0.0,0.08,0.063,0.38,0.08,0.08,0.08
06:50,0.0,0.17,0.087,0.52,0.17,0.17,0.17
07:00,0.0,0.27,0.104,0.62,0.27,0.27,0.27
07:10,0.0,0.35,0.075,0.45,0.35,0.35,0.35
07:20,0.0,0.36,0.015,0.09,0.36,0.36,0.36
07:30,0.0,0.36,0.000,0.00,0.34,0.36,0.36
07:40,0.0,0.37,0.004,0.03,0.29,0.37,0.37
07:50,0.0,0.43,0.065,0.39,0.26,0.43,0.43
08:00,0.0,0.54,0.106,0.64,0.27,0.52,0.54
08:10,1.0,0.64,0.099,0.60,0.29,0.56,0.64
08:20,1.0,0.69,0.051,0.31,0.33,0.52,0.69
08:30,1.0,0.69,0.000,0.00,0.33,0.42,0.67
08:40,1.0,0.72,0.034,0.20,0.36,0.37,0.64
08:50,1.0,0.86,0.132,0.79,0.42,0.49,0.69
09:00,1.0,1.11,0.249,1.50,0.57,0.74,0.83
09:10,2.0,1.51,0.399,2.39,0.87,1.14,1.16
09:20,3.0,2.03,0.529,3.17,1.34,1.60,1.67
09:30,3.0,2.61,0.598,3.59,1.94,2.09,2.27
09:40,3.0,3.19,0.645,3.87,2.55,2.64,2.91
09:50,4.0,3.79,0.688,4.13,3.11,3.27,3.53
10:00,4.0,4.41,0.716,4.30,3.57,3.99,4.14
10:10,4.0,5.13,0.796,4.77,3.97,4.75,4.84
10:20,5.0,5.99,0.874,5.24,4.32,5.49,5.66
10:30,7.0,6.85,0.869,5.21,4.59,6.11,6.53
10:40,8.0,7.60,0.748,4.49,4.69,6.46,7.24
10:50,8.0,8.17,0.636,3.82,4.64,6.57,7.75
11:00,8.0,8.60,0.533,3.20,4.46,6.50,8.03
11:10,9.0,9.03,0.530,3.18,4.19,6.39,8.16
11:20,9.0,9.62,0.645,3.87,3.96,6.35,8.28
11:30,11.0,10.44,0.818,4.91,3.91,6.45,8.50
11:40,12.0,11.27,0.870,5.22,4.03,6.52,8.72
11:50,12.0,11.98,0.840,5.04,4.24,6.49,8.87
12:00,13.0,12.59,0.862,5.17,4.56,6.48,9.02
12:10,14.0,13.08,0.885,5.31,4.92,6.62,9.11
12:20,14.0,13.44,0.893,5.36,5.17,6.88,9.13
12:30,14.0,13.77,0.922,5.53,5.27,7.26,9.18
12:40,14.0,14.10,0.977,5.86,5.38,7.71,9.41
12:50,14.0,14.45,1.037,6.22,5.58,8.10,9.81
13:00,15.0,14.88,1.147,6.88,5.86,8.43,10.43
13:10,15.0,15.30,1.211,7.27,6.19,8.77,11.11
13:20,15.0,15.68,1.253,7.52,6.55,9.19,11.72
13:30,15.0,16.09,1.286,7.72,6.91,9.61,12.18
13:40,17.0,16.59,1.243,7.46,7.18,9.97,12.56
13:50,16.0,17.10,1.151,6.91,7.29,10.23,12.87
14:00,17.0,17.76,1.186,7.12,7.33,10.49,13.19
14:10,19.0,18.43,1.202,7.21,7.32,10.72,13.51
14:20,20.0,18.83,1.050,6.30,7.12,10.73,13.67
14:30,19.0,18.83,0.810,4.86,6.64,10.39,13.55
14:40,18.0,18.61,0.653,3.92,6.05,9.83,13.23
14:50,19.0,18.48,0.713,4.28,5.61,9.29,12.91
15:00,19.0,18.43,0.808,4.85,5.24,8.82,12.57
15:10,19.0,18.44,0.898,5.39,4.93,8.47,12.25
15:20,19.0,18.50,0.947,5.68,4.83,8.27,11.95
15:30,19.0,18.55,0.981,5.89,5.00,8.06,11.64
15:40,18.0,18.56,0.979,5.87,5.33,7.84,11.38
15:50,19.0,18.49,0.971,5.82,5.58,7.76,11.20
16:00,18.0,18.12,0.777,4.66,5.55,7.73,10.79
16:10,17.0,17.43,0.528,3.17,5.18,7.60,10.11
16:20,16.5,16.50,0.317,1.90,4.55,7.20,9.38
16:30,14.0,15.38,0.162,0.97,3.73,6.56,8.73
16:40,13.0,14.34,0.205,1.23,2.96,5.87,8.28
16:50,14.0,13.64,0.452,2.71,2.44,5.37,8.02
17:00,14.0,13.27,0.819,4.91,2.48,5.21,8.04
17:10,13.0,13.23,1.160,6.96,3.11,5.39,8.30
17:20,13.0,13.55,1.374,8.24,4.17,5.79,8.72
17:30,13.0,14.15,1.410,8.46,5.42,6.43,9.15
17:40,16.0,14.80,1.295,7.77,6.51,7.19,9.47
17:50,16.0,15.09,1.005,6.03,7.06,7.88,9.50
18:00,16.0,15.05,0.774,4.65,7.02,8.50,9.50
18:10,15.0,14.72,0.561,3.37,6.42,8.85,9.54
18:20,15.0,14.26,0.490,2.94,5.54,8.89,9.71
18:30,14.0,13.88,0.599,3.59,4.72,8.67,10.15
18:40,15.0,13.75,0.852,5.11,4.28,8.36,10.79
18:50,13.0,13.79,1.007,6.04,4.28,7.99,11.35
19:00,13.0,14.06,1.052,6.31,4.56,7.64,11.58
19:10,14.0,14.61,1.073,6.44,5.07,7.41,11.49
19:20,14.0,15.41,1.122,6.73,5.70,7.53,11.24
19:30,15.0,16.45,1.199,7.20,6.31,7.96,11.03
19:40,17.0,17.48,1.236,7.42,6.69,8.63,10.97
19:50,20.0,18.19,1.159,6.96,6.84,9.30,11.12
20:00,20.0,18.27,0.896,5.38,6.69,9.60,11.25
20:10,18.0,17.71,0.608,3.65,6.22,9.35,11.29
20:20,16.0,16.82,0.479,2.87,5.58,8.83,11.28
20:30,15.0,15.91,0.503,3.02,4.88,8.28,11.19
20:40,14.0,15.15,0.532,3.19,4.18,7.73,10.87
20:50,16.0,14.66,0.522,3.13,3.54,7.13,10.38
21:00,14.0,14.30,0.413,2.48,3.06,6.35,9.74
21:10,14.0,14.10,0.352,2.11,2.80,5.47,9.02
21:20,15.0,13.90,0.291,1.75,2.61,4.60,8.19
21:30,16.0,13.47,0.170,1.02,2.28,3.87,7.16
21:40,14.0,12.64,0.020,0.12,1.77,3.28,5.95
21:50,10.0,11.63,0.000,0.00,1.25,2.80,4.79
22:00,9.0,10.58,0.008,0.05,0.84,2.31,3.90
22:10,9.0,9.63,0.123,0.74,0.61,1.90,3.41
22:20,8.0,8.70,0.189,1.13,0.51,1.57,3.12
22:30,7.0,7.73,0.231,1.39,0.57,1.38,2.85
22:40,7.0,6.75,0.250,1.50,0.80,1.28,2.57
22:50,6.0,5.81,0.220,1.32,1.02,1.21,2.27
23:00,5.0,5.10,0.187,1.12,1.20,1.23,2.04
23:10,5.0,4.66,0.174,1.04,1.25,1.38,1.86
23:20,5.0,4.34,0.154,0.92,1.21,1.53,1.72
23:30,3.5,3.96,0.129,0.77,1.11,1.66,1.68
23:40,3.0,3.55,0.117,0.70,0.98,1.65,1.78
23:50,3.0,3.14,0.112,0.67,0.87,1.57,1.89
00:00,3.0,2.81,0.087,0.52,0.77,1.43,1.97
00:10,3.0,2.50,0.043,0.26,0.64,1.22,1.89
00:20,3.0,2.21,0.000,0.00,0.49,1.00,1.70
00:30,3.0,2.04,0.000,0.00,0.36,0.82,1.47
00:40,2.0,2.02,0.000,0.00,0.24,0.64,1.22
00:50,2.0,2.02,0.000,0.00,0.13,0.49,1.00
01:00,2.0,2.01,0.000,0.00,0.04,0.36,0.82
01:10,1.0,1.89,0.000,0.00,0.00,0.24,0.64
01:20,1.0,1.70,0.000,0.00,0.00,0.13,0.49
01:30,1.0,1.47,0.000,0.00,0.00,0.04,0.36
01:40,1.0,1.22,0.001,0.00,0.00,0.00,0.24
01:50,1.0,1.02,0.013,0.08,0.01,0.01,0.14
02:00,1.0,0.84,0.015,0.09,0.03,0.03,0.07
02:10,1.0,0.68,0.006,0.04,0.04,0.04,0.04
02:20,1.0,0.52,0.000,0.00,0.04,0.04,0.04
02:30,0.0,0.39,0.000,0.00,0.04,0.04,0.04
02:40,0.0,0.28,0.000,0.00,0.03,0.04,0.04
02:50,0.0,0.16,0.000,0.00,0.02,0.04,0.04
